Datum,Art,Titel,Info,Währung,Betrag,"Gebühren & Steuern",Netto,"Steuerliche Angaben"
"18. September 2022",Fee,"Transaction fee: Shipping","Order #2600106477",EUR,--,-€0.32,-€0.32,--
"18. September 2022",Fee,"Transaction fee: Personalized Quiet Book Dream Job suitab...","Order #2600106477",EUR,--,-€2.92,-€2.92,--
"18. September 2022",Fee,"Processing fee","Order #2600106477",EUR,--,-€2.30,-€2.30,--
"18. September 2022",Sale,"Payment for Order #2600106477","Funds will be available on Sep 19, 2022",EUR,€49.98,--,€49.98,--
"18. September 2022",Fee,"Einstellgebühr (0,20 USD)","Artikel Nr. 1131382499",EUR,--,-€0.20,-€0.20,--
"18. September 2022",Fee,"Transaction fee: Shipping","Order #2600077853",EUR,--,-€0.32,-€0.32,--
"18. September 2022",Fee,"Processing fee","Order #2600077853",EUR,--,-€2.58,-€2.58,--
"18. September 2022",Fee,"Transaction fee: Personalized Quiet Book Dream Job suitab...","Order #2600077853",EUR,--,-€3.38,-€3.38,--
"18. September 2022",Sale,"Payment for Order #2600077853","Funds will be available on Sep 19, 2022",EUR,€56.98,--,€56.98,--
"18. September 2022",Fee,"Einstellgebühr (0,20 USD)","Artikel Nr. 1131382499",EUR,--,-€0.20,-€0.20,--
"18. September 2022",Fee,"Transaction fee: Shipping","Order #2603042326",EUR,--,-€0.32,-€0.32,--
"18. September 2022",Fee,"Transaction fee: Personalized Quiet Book Dream Job suitab...","Order #2603042326",EUR,--,-€2.92,-€2.92,--
"18. September 2022",Fee,"Processing fee","Order #2603042326",EUR,--,-€2.30,-€2.30,--
"18. September 2022",Sale,"Payment for Order #2603042326","Funds will be available on Sep 19, 2022",EUR,€49.98,--,€49.98,--
"18. September 2022",Fee,"Einstellgebühr (0,20 USD)","Artikel Nr. 1131382499",EUR,--,-€0.20,-€0.20,--
"18. September 2022",Marketing,"Gutschrift für Etsy Ads",,EUR,--,€5.59,€5.59,--
"18. September 2022",Marketing,"Etsy Ads","Bill for click-throughs to your shop on Sep 17, 2022",EUR,--,-€13.98,-€13.98,--
"17. September 2022",Fee,"Transaction fee: Shipping","Order #2602636316",EUR,--,-€0.32,-€0.32,--
"17. September 2022",Sale,"Payment for Order #2602636316",,EUR,€52.98,--,€52.98,--
"17. September 2022",Fee,"Transaction fee: Personalized Quiet Book Ocean life/ 6 pa...","Order #2602636316",EUR,--,-€3.12,-€3.12,--
"17. September 2022",Fee,"Processing fee","Order #2602636316",EUR,--,-€2.42,-€2.42,--
"17. September 2022",Fee,"Einstellgebühr (0,20 USD)","Artikel Nr. 1255075997",EUR,--,-€0.20,-€0.20,--
"17. September 2022",Fee,"Transaction fee: Shipping","Order #2599048191",EUR,--,-€0.65,-€0.65,--
"17. September 2022",Fee,"Transaction fee: Quiet Book Hungry Caterpillar - Montesso...","Order #2599048191",EUR,--,-€2.53,-€2.53,--
"17. September 2022",Sale,"Payment for Order #2599048191",,EUR,€48.98,--,€48.98,--
"17. September 2022",Fee,"Processing fee","Order #2599048191",EUR,--,-€2.26,-€2.26,--
"17. September 2022",Fee,"Einstellgebühr (0,20 USD)","Artikel Nr. 1165785482",EUR,--,-€0.20,-€0.20,--
"17. September 2022",Fee,"Transaction fee: Quiet Book One day on a farm - 8 pages/ ...","Order #2599002173",EUR,--,-€3.44,-€3.44,--
"17. September 2022",Fee,"Processing fee","Order #2599002173",EUR,--,-€2.62,-€2.62,--
"17. September 2022",Fee,"Transaction fee: Shipping","Order #2599002173",EUR,--,-€0.32,-€0.32,--
"17. September 2022",Sale,"Payment for Order #2599002173",,EUR,€57.98,--,€57.98,--
"17. September 2022",Fee,"Einstellgebühr (0,20 USD)","Artikel Nr. 1075450980",EUR,--,-€0.20,-€0.20,--
"17. September 2022",Fee,"Transaction fee: Shipping","Order #2598995395",EUR,--,-€0.32,-€0.32,--
"17. September 2022",Fee,"Processing fee","Order #2598995395",EUR,--,-€1.18,-€1.18,--
"17. September 2022",Sale,"Payment for Order #2598995395",,EUR,€21.98,--,€21.98,--
"17. September 2022",Fee,"Transaction fee: Quiet Book Hungry Caterpillar - Montesso...","Order #2598995395",EUR,--,-€1.10,-€1.10,--
"17. September 2022",Fee,"Einstellgebühr (0,20 USD)","Artikel Nr. 1212293431",EUR,--,-€0.20,-€0.20,--
"17. September 2022",Fee,"Transaction fee: Shipping","Order #2598943145",EUR,--,-€0.32,-€0.32,--
"17. September 2022",Fee,"Transaction fee: Quiet Book Hungry Caterpillar - Montesso...","Order #2598943145",EUR,--,-€2.53,-€2.53,--
"17. September 2022",Sale,"Payment for Order #2598943145",,EUR,€43.98,--,€43.98,--
"17. September 2022",Fee,"Processing fee","Order #2598943145",EUR,--,-€2.06,-€2.06,--
"17. September 2022",Fee,"Einstellgebühr (0,20 USD)","Artikel Nr. 1165785482",EUR,--,-€0.20,-€0.20,--
"17. September 2022",Marketing,"Gutschrift für Etsy Ads",,EUR,--,€5.59,€5.59,--
"17. September 2022",Marketing,"Etsy Ads","Bill for click-throughs to your shop on Sep 16, 2022",EUR,--,-€13.98,-€13.98,--
"16. September 2022",Fee,"Transaction fee: Personalized Quiet Book Dream Job suitab...","Order #2601337644",EUR,--,-€2.92,-€2.92,--
"16. September 2022",Fee,"Transaction fee: Shipping","Order #2601337644",EUR,--,-€0.32,-€0.32,--
"16. September 2022",Fee,"Processing fee","Order #2601337644",EUR,--,-€2.30,-€2.30,--
"16. September 2022",Sale,"Payment for Order #2601337644",,EUR,€49.98,--,€49.98,--
"16. September 2022",Fee,"Einstellgebühr (0,20 USD)","Artikel Nr. 1131382499",EUR,--,-€0.20,-€0.20,--
"16. September 2022",Fee,"Transaction fee: Shipping","Order #2597822117",EUR,--,-€0.65,-€0.65,--
"16. September 2022",Fee,"Processing fee","Order #2597822117",EUR,--,-€3.10,-€3.10,--
"16. September 2022",Sale,"Payment for Order #2597822117",,EUR,€69.98,--,€69.98,--
"16. September 2022",Fee,"Transaction fee: Quiet Book One day on a farm - 8 pages/ ...","Order #2597822117",EUR,--,-€3.90,-€3.90,--
"16. September 2022",Fee,"Einstellgebühr (0,20 USD)","Artikel Nr. 1075450980",EUR,--,-€0.20,-€0.20,--
"16. September 2022",Fee,"Transaction fee: Shipping","Order #2597807815",EUR,--,-€0.32,-€0.32,--
"16. September 2022",Fee,"Processing fee","Order #2597807815",EUR,--,-€2.70,-€2.70,--
"16. September 2022",Fee,"Transaction fee: Quiet Book One day on a farm - 8 pages/ ...","Order #2597807815",EUR,--,-€3.57,-€3.57,--
"16. September 2022",Sale,"Payment for Order #2597807815",,EUR,€59.98,--,€59.98,--
"16. September 2022",Fee,"Einstellgebühr (0,20 USD)","Artikel Nr. 1075450980",EUR,--,-€0.20,-€0.20,--
"16. September 2022",Marketing,"Etsy Ads","Bill for click-throughs to your shop on Sep 15, 2022",EUR,--,-€10.00,-€10.00,--
"16. September 2022",Fee,"Einstellgebühr (0,20 USD)","Artikel Nr. 1292482568",EUR,--,-€0.20,-€0.20,--
"15. September 2022",Fee,"Transaction fee: Personalized Quiet Book Dream Job suitab...","Order #2597246655",EUR,--,-€2.92,-€2.92,--
"15. September 2022",Fee,"Transaction fee: Shipping","Order #2597246655",EUR,--,-€0.91,-€0.91,--
"15. September 2022",Fee,"Processing fee","Order #2597246655",EUR,--,-€2.66,-€2.66,--
"15. September 2022",Sale,"Payment for Order #2597246655",,EUR,€58.99,--,€58.99,--
"15. September 2022",Fee,"Einstellgebühr (0,20 USD)","Artikel Nr. 1131382499",EUR,--,-€0.20,-€0.20,--
"15. September 2022",Marketing,"Gebühr für Verkauf über Offsite Ads",Bestellnr.2600366450,EUR,--,-€6.00,-€6.00,--
"15. September 2022",Fee,"Transaction fee: Quiet Book Hungry Caterpillar - Montesso...","Order #2600366450",EUR,--,-€2.92,-€2.92,--
"15. September 2022",Fee,"Transaction fee: Shipping","Order #2600366450",EUR,--,-€0.32,-€0.32,--
"15. September 2022",Sale,"Payment for Order #2600366450",,EUR,€49.98,--,€49.98,--
"15. September 2022",Fee,"Processing fee","Order #2600366450",EUR,--,-€2.30,-€2.30,--
"15. September 2022",Fee,"Einstellgebühr (0,20 USD)","Artikel Nr. 1165785482",EUR,--,-€0.20,-€0.20,--
"15. September 2022",Fee,"Transaction fee: Shipping","Order #2597172687",EUR,--,-€1.10,-€1.10,--
"15. September 2022",Fee,"Transaction fee: Personalized Quiet Book Dream Job suitab...","Order #2597172687",EUR,--,-€2.92,-€2.92,--
"15. September 2022",Fee,"Processing fee","Order #2597172687",EUR,--,-€3.40,-€3.40,--
"15. September 2022",Sale,"Payment for Order #2597172687",,EUR,€77.48,--,€77.48,--
"15. September 2022",Tax,"Sales tax paid by buyer","Order #2597172687",EUR,--,-€15.50,-€15.50,--
"15. September 2022",Fee,"Einstellgebühr (0,20 USD)","Artikel Nr. 1131382499",EUR,--,-€0.20,-€0.20,--
"15. September 2022",Fee,"Transaction fee: Shipping","Order #2600006334",EUR,--,-€0.32,-€0.32,--
"15. September 2022",Fee,"Transaction fee: Quiet Book One day on a farm - 8 pages/ ...","Order #2600006334",EUR,--,-€3.44,-€3.44,--
"15. September 2022",Fee,"Processing fee","Order #2600006334",EUR,--,-€2.62,-€2.62,--
"15. September 2022",Sale,"Payment for Order #2600006334",,EUR,€57.98,--,€57.98,--
"15. September 2022",Fee,"Einstellgebühr (0,20 USD)","Artikel Nr. 1075450980",EUR,--,-€0.20,-€0.20,--
"15. September 2022",Fee,"Transaction fee: Shipping","Order #2596817077",EUR,--,-€0.65,-€0.65,--
"15. September 2022",Fee,"Transaction fee: Quiet Book Hungry Caterpillar - Montesso...","Order #2596817077",EUR,--,-€2.53,-€2.53,--
"15. September 2022",Fee,"Processing fee","Order #2596817077",EUR,--,-€2.26,-€2.26,--
"15. September 2022",Sale,"Payment for Order #2596817077",,EUR,€48.98,--,€48.98,--
"15. September 2022",Fee,"Einstellgebühr (0,20 USD)","Artikel Nr. 1165785482",EUR,--,-€0.20,-€0.20,--
"15. September 2022",Marketing,"Gebühr für Verkauf über Offsite Ads",Bestellnr.2599939688,EUR,--,-€10.20,-€10.20,--
"15. September 2022",Fee,"Transaction fee: Shipping","Order #2599939688",EUR,--,-€0.32,-€0.32,--
"15. September 2022",Fee,"Transaction fee: Christmas tree and 24 ornaments made of ...","Order #2599939688",EUR,--,-€2.66,-€2.66,--
"15. September 2022",Fee,"Processing fee","Order #2599939688",EUR,--,-€3.70,-€3.70,--
"15. September 2022",Fee,"Transaction fee: Quiet Book Hungry Caterpillar - Montesso...","Order #2599939688",EUR,--,-€2.53,-€2.53,--
"15. September 2022",Sale,"Payment for Order #2599939688",,EUR,€84.97,--,€84.97,--
"15. September 2022",Fee,"Gutschrift für Einstellgebühr","Etsy Plus-Guthaben für Einstellgebühren",EUR,--,€0.20,€0.20,--
"15. September 2022",Fee,"Einstellgebühr (0,20 USD)","Artikel Nr. 1110408313",EUR,--,-€0.20,-€0.20,--
"15. September 2022",Fee,"Einstellgebühr (0,20 USD)","Artikel Nr. 1165785482",EUR,--,-€0.20,-€0.20,--
"15. September 2022",Fee,"Processing fee","Order #2599925382",EUR,--,-€2.62,-€2.62,--
"15. September 2022",Sale,"Payment for Order #2599925382",,EUR,€57.98,--,€57.98,--
"15. September 2022",Fee,"Transaction fee: Shipping","Order #2599925382",EUR,--,-€0.32,-€0.32,--
"15. September 2022",Fee,"Transaction fee: Quiet Book One day on a farm - 8 pages/ ...","Order #2599925382",EUR,--,-€3.44,-€3.44,--
"15. September 2022",Fee,"Gutschrift für Einstellgebühr","Etsy Plus-Guthaben für Einstellgebühren",EUR,--,€0.20,€0.20,--
"15. September 2022",Fee,"Einstellgebühr (0,20 USD)","Artikel Nr. 1075450980",EUR,--,-€0.20,-€0.20,--
"15. September 2022",Marketing,"Etsy Ads","Bill for click-throughs to your shop on Sep 14, 2022",EUR,--,-€10.03,-€10.03,--
"14. September 2022",Fee,"Transaction fee: Shipping","Order #2599459646",EUR,--,-€0.32,-€0.32,--
"14. September 2022",Fee,"Transaction fee: Quiet Book One day on a farm - 8 pages/ ...","Order #2599459646",EUR,--,-€3.57,-€3.57,--
"14. September 2022",Fee,"Processing fee","Order #2599459646",EUR,--,-€2.70,-€2.70,--
"14. September 2022",Sale,"Payment for Order #2599459646",,EUR,€59.98,--,€59.98,--
"14. September 2022",Fee,"Gutschrift für Einstellgebühr","Etsy Plus-Guthaben für Einstellgebühren",EUR,--,€0.20,€0.20,--
"14. September 2022",Fee,"Einstellgebühr (0,20 USD)","Artikel Nr. 1075450980",EUR,--,-€0.20,-€0.20,--
"14. September 2022",Fee,"Transaction fee: Shipping","Order #2596190135",EUR,--,-€0.65,-€0.65,--
"14. September 2022",Fee,"Transaction fee: Quiet Book One day on a farm - 8 pages/ ...","Order #2596190135",EUR,--,-€3.90,-€3.90,--
"14. September 2022",Sale,"Payment for Order #2596190135",,EUR,€69.98,--,€69.98,--
"14. September 2022",Fee,"Processing fee","Order #2596190135",EUR,--,-€3.10,-€3.10,--
"14. September 2022",Fee,"Gutschrift für Einstellgebühr","Etsy Plus-Guthaben für Einstellgebühren",EUR,--,€0.20,€0.20,--
"14. September 2022",Fee,"Einstellgebühr (0,20 USD)","Artikel Nr. 1075450980",EUR,--,-€0.20,-€0.20,--
"14. September 2022",Sale,"Payment for Order #2596014041",,EUR,€45.98,--,€45.98,--
"14. September 2022",Fee,"Transaction fee: Shipping","Order #2596014041",EUR,--,-€0.32,-€0.32,--
"14. September 2022",Fee,"Transaction fee: Personalized Quiet Book Ocean life/ 6 pa...","Order #2596014041",EUR,--,-€2.66,-€2.66,--
"14. September 2022",Fee,"Processing fee","Order #2596014041",EUR,--,-€2.14,-€2.14,--
"14. September 2022",Fee,"Gutschrift für Einstellgebühr","Etsy Plus-Guthaben für Einstellgebühren",EUR,--,€0.20,€0.20,--
"14. September 2022",Fee,"Einstellgebühr (0,20 USD)","Artikel Nr. 1255075997",EUR,--,-€0.20,-€0.20,--
"14. September 2022",Fee,"Transaction fee: Shipping","Order #2595804923",EUR,--,-€0.65,-€0.65,--
"14. September 2022",Fee,"Transaction fee: Quiet Book Hungry Caterpillar - Montesso...","Order #2595804923",EUR,--,-€2.53,-€2.53,--
"14. September 2022",Fee,"Processing fee","Order #2595804923",EUR,--,-€2.26,-€2.26,--
"14. September 2022",Sale,"Payment for Order #2595804923",,EUR,€48.98,--,€48.98,--
"14. September 2022",Fee,"Gutschrift für Einstellgebühr","Etsy Plus-Guthaben für Einstellgebühren",EUR,--,€0.20,€0.20,--
"14. September 2022",Fee,"Einstellgebühr (0,20 USD)","Artikel Nr. 1165785482",EUR,--,-€0.20,-€0.20,--
"14. September 2022",Fee,"Transaction fee: Personalized Quiet Book Ocean life/ 6 pa...","Order #2595735913",EUR,--,-€3.44,-€3.44,--
"14. September 2022",Sale,"Payment for Order #2595735913",,EUR,€110.97,--,€110.97,--
"14. September 2022",Fee,"Transaction fee: Shipping","Order #2595735913",EUR,--,-€0.91,-€0.91,--
"14. September 2022",Fee,"Transaction fee: Quiet Book Hungry Caterpillar - Montesso...","Order #2595735913",EUR,--,-€2.86,-€2.86,--
"14. September 2022",Fee,"Processing fee","Order #2595735913",EUR,--,-€4.74,-€4.74,--
"14. September 2022",Fee,"Gutschrift für Einstellgebühr","Etsy Plus-Guthaben für Einstellgebühren",EUR,--,€0.20,€0.20,--
"14. September 2022",Fee,"Gutschrift für Einstellgebühr","Etsy Plus-Guthaben für Einstellgebühren",EUR,--,€0.20,€0.20,--
"14. September 2022",Fee,"Einstellgebühr (0,20 USD)","Artikel Nr. 1165785482",EUR,--,-€0.20,-€0.20,--
"14. September 2022",Fee,"Einstellgebühr (0,20 USD)","Artikel Nr. 1255075997",EUR,--,-€0.20,-€0.20,--
"14. September 2022",Fee,"Transaction fee: Shipping","Order #2598872886",EUR,--,-€0.91,-€0.91,--
"14. September 2022",Fee,"Processing fee","Order #2598872886",EUR,--,-€4.38,-€4.38,--
"14. September 2022",Fee,"Transaction fee: Quiet Book Hungry Caterpillar - Montesso...","Order #2598872886",EUR,--,-€5.72,-€5.72,--
"14. September 2022",Sale,"Payment for Order #2598872886",,EUR,€101.97,--,€101.97,--
"14. September 2022",Fee,"Gutschrift für Einstellgebühr","Etsy Plus-Guthaben für Einstellgebühren",EUR,--,€0.20,€0.20,--
"14. September 2022",Fee,"Einstellgebühr (0,20 USD)","Artikel Nr. 1165785482",EUR,--,-€0.20,-€0.20,--
"14. September 2022",Fee,"Einstellgebühr (0,20 USD)","Artikel Nr. 1165785482",EUR,--,-€0.20,-€0.20,--
"14. September 2022",Fee,"Processing fee","Order #2595655219",EUR,--,-€2.30,-€2.30,--
"14. September 2022",Fee,"Transaction fee: Quiet Book Hungry Caterpillar - Montesso...","Order #2595655219",EUR,--,-€3.25,-€3.25,--
"14. September 2022",Sale,"Payment for Order #2595655219",,EUR,€49.99,--,€49.99,--
"14. September 2022",Fee,"Gutschrift für Einstellgebühr","Etsy Plus-Guthaben für Einstellgebühren",EUR,--,€0.20,€0.20,--
"14. September 2022",Fee,"Einstellgebühr (0,20 USD)","Artikel Nr. 1165785482",EUR,--,-€0.20,-€0.20,--
"14. September 2022",Marketing,"Etsy Ads","Bill for click-throughs to your shop on Sep 13, 2022",EUR,--,-€10.00,-€10.00,--
"13. September 2022",Fee,"Transaction fee: Quiet Book One day on a farm - 8 pages/ ...","Order #2595189951",EUR,--,-€4.22,-€4.22,--
"13. September 2022",Fee,"Processing fee","Order #2595189951",EUR,--,-€2.90,-€2.90,--
"13. September 2022",Sale,"Payment for Order #2595189951",,EUR,€64.99,--,€64.99,--
"13. September 2022",Marketing,"Gebühr für Verkauf über Offsite Ads",Bestellnr.2595189951,EUR,--,-€7.80,-€7.80,--
"13. September 2022",Fee,"Gutschrift für Einstellgebühr","Etsy Plus-Guthaben für Einstellgebühren",EUR,--,€0.20,€0.20,--
"13. September 2022",Fee,"Einstellgebühr (0,20 USD)","Artikel Nr. 1075450980",EUR,--,-€0.20,-€0.20,--
"13. September 2022",Fee,"Gutschrift für Einstellgebühr","Etsy Plus-Guthaben für Einstellgebühren",EUR,--,€0.20,€0.20,--
"13. September 2022",Fee,"Einstellgebühr (0,20 USD)","Artikel Nr. 1165785482",EUR,--,-€0.20,-€0.20,--
"13. September 2022",Sale,"Payment for Order #2597896424",,EUR,€49.99,--,€49.99,--
"13. September 2022",Fee,"Transaction fee: Personalized Quiet Book Dream Job suitab...","Order #2597896424",EUR,--,-€3.25,-€3.25,--
"13. September 2022",Fee,"Processing fee","Order #2597896424",EUR,--,-€2.30,-€2.30,--
"13. September 2022",Fee,"Gutschrift für Einstellgebühr","Etsy Plus-Guthaben für Einstellgebühren",EUR,--,€0.20,€0.20,--
"13. September 2022",Fee,"Einstellgebühr (0,20 USD)","Artikel Nr. 1131382499",EUR,--,-€0.20,-€0.20,--
"13. September 2022",Fee,"Gutschrift für Etsy Ads-Gebühr","Etsy Plus: Etsy Ads-Gutschriften",EUR,--,€4.94,€4.94,--
"13. September 2022",Marketing,"Etsy Ads","Bill for click-throughs to your shop on Sep 12, 2022",EUR,--,-€9.87,-€9.87,--
"12. September 2022",Fee,"Gutschrift für Einstellgebühr","Etsy Plus-Guthaben für Einstellgebühren",EUR,--,€0.20,€0.20,--
"12. September 2022",Fee,"Einstellgebühr (0,20 USD)","Artikel Nr. 1281114944",EUR,--,-€0.20,-€0.20,--
"12. September 2022",Fee,"Gutschrift für Einstellgebühr","Etsy Plus-Guthaben für Einstellgebühren",EUR,--,€0.20,€0.20,--
"12. September 2022",Fee,"Einstellgebühr (0,20 USD)","Artikel Nr. 1165785482",EUR,--,-€0.20,-€0.20,--
"12. September 2022",Fee,"Transaction fee: Personalized Quiet Book Ocean life/ 6 pa...","Order #2593854645",EUR,--,-€2.99,-€2.99,--
"12. September 2022",Fee,"Processing fee","Order #2593854645",EUR,--,-€2.14,-€2.14,--
"12. September 2022",Sale,"Payment for Order #2593854645",,EUR,€45.99,--,€45.99,--
"12. September 2022",Fee,"Gutschrift für Einstellgebühr","Etsy Plus-Guthaben für Einstellgebühren",EUR,--,€0.20,€0.20,--
"12. September 2022",Fee,"Einstellgebühr (0,20 USD)","Artikel Nr. 1255075997",EUR,--,-€0.20,-€0.20,--
"12. September 2022",Fee,"Transaction fee: Personalized Quiet Book Ocean life/ 6 pa...","Order #2596835958",EUR,--,-€3.44,-€3.44,--
"12. September 2022",Fee,"Processing fee","Order #2596835958",EUR,--,-€2.42,-€2.42,--
"12. September 2022",Sale,"Payment for Order #2596835958",,EUR,€52.99,--,€52.99,--
"12. September 2022",Fee,"Gutschrift für Einstellgebühr","Etsy Plus-Guthaben für Einstellgebühren",EUR,--,€0.20,€0.20,--
"12. September 2022",Fee,"Einstellgebühr (0,20 USD)","Artikel Nr. 1255075997",EUR,--,-€0.20,-€0.20,--
"12. September 2022",Überweisung,"€1,202.60 an dein Bankkonto überwiesen",,EUR,--,--,--,--
"12. September 2022",Fee,"Transaction fee: Personalized Quiet Book Ocean life/ 6 pa...","Order #2593580105",EUR,--,-€2.99,-€2.99,--
"12. September 2022",Fee,"Transaction fee: Christmas tree and 24 ornaments made of ...","Order #2593580105",EUR,--,-€2.99,-€2.99,--
"12. September 2022",Fee,"Processing fee","Order #2593580105",EUR,--,-€3.98,-€3.98,--
"12. September 2022",Sale,"Payment for Order #2593580105",,EUR,€91.98,--,€91.98,--
"12. September 2022",Fee,"Gutschrift für Einstellgebühr","Etsy Plus-Guthaben für Einstellgebühren",EUR,--,€0.20,€0.20,--
"12. September 2022",Fee,"Gutschrift für Einstellgebühr","Etsy Plus-Guthaben für Einstellgebühren",EUR,--,€0.20,€0.20,--
"12. September 2022",Fee,"Einstellgebühr (0,20 USD)","Artikel Nr. 1255075997",EUR,--,-€0.20,-€0.20,--
"12. September 2022",Fee,"Einstellgebühr (0,20 USD)","Artikel Nr. 1110408313",EUR,--,-€0.20,-€0.20,--
"12. September 2022",Marketing,"Etsy Plus-Abonnementgebühr (10,00 USD)",,EUR,--,-€9.83,-€9.83,--
"12. September 2022",Fee,"Transaction fee: Personalized Quiet Book Dream Job suitab...","Order #2596747666",EUR,--,-€3.70,-€3.70,--
"12. September 2022",Fee,"Processing fee","Order #2596747666",EUR,--,-€2.58,-€2.58,--
"12. September 2022",Sale,"Payment for Order #2596747666",,EUR,€56.99,--,€56.99,--
"12. September 2022",Fee,"Gutschrift für Einstellgebühr","Etsy Plus-Guthaben für Einstellgebühren",EUR,--,€0.20,€0.20,--
"12. September 2022",Fee,"Einstellgebühr (0,20 USD)","Artikel Nr. 1131382499",EUR,--,-€0.20,-€0.20,--
"12. September 2022",Marketing,"Etsy Ads","Bill for click-throughs to your shop on Sep 11, 2022",EUR,--,-€9.92,-€9.92,--
"11. September 2022",Fee,"Processing fee","Order #2595983110",EUR,--,-€2.06,-€2.06,--
"11. September 2022",Fee,"Transaction fee: Quiet Book Hungry Caterpillar - Montesso...","Order #2595983110",EUR,--,-€2.86,-€2.86,--
"11. September 2022",Sale,"Payment for Order #2595983110",,EUR,€43.99,--,€43.99,--
"11. September 2022",Fee,"Gutschrift für Einstellgebühr","Etsy Plus-Guthaben für Einstellgebühren",EUR,--,€0.20,€0.20,--
"11. September 2022",Fee,"Einstellgebühr (0,20 USD)","Artikel Nr. 1165785482",EUR,--,-€0.20,-€0.20,--
"11. September 2022",Fee,"Transaction fee: Shipping","Order #2592607261",EUR,--,-€0.91,-€0.91,--
"11. September 2022",Fee,"Transaction fee: Quiet Book One day on a farm - 8 pages/ ...","Order #2592607261",EUR,--,-€4.35,-€4.35,--
"11. September 2022",Fee,"Processing fee","Order #2592607261",EUR,--,-€3.54,-€3.54,--
"11. September 2022",Sale,"Payment for Order #2592607261",,EUR,€80.99,--,€80.99,--
"11. September 2022",Fee,"Gutschrift für Einstellgebühr","Etsy Plus-Guthaben für Einstellgebühren",EUR,--,€0.20,€0.20,--
"11. September 2022",Fee,"Einstellgebühr (0,20 USD)","Artikel Nr. 1075450980",EUR,--,-€0.20,-€0.20,--
"11. September 2022",Fee,"Transaction fee: Shipping","Order #2592493685",EUR,--,-€0.65,-€0.65,--
"11. September 2022",Fee,"Transaction fee: Quiet Book Forest Animals - 6 pages/ Mon...","Order #2592493685",EUR,--,-€3.25,-€3.25,--
"11. September 2022",Fee,"Processing fee","Order #2592493685",EUR,--,-€2.70,-€2.70,--
"11. September 2022",Sale,"Payment for Order #2592493685",,EUR,€59.98,--,€59.98,--
"11. September 2022",Fee,"Gutschrift für Einstellgebühr","Etsy Plus-Guthaben für Einstellgebühren",EUR,--,€0.20,€0.20,--
"11. September 2022",Fee,"Einstellgebühr (0,20 USD)","Artikel Nr. 1281114944",EUR,--,-€0.20,-€0.20,--
"11. September 2022",Sale,"Payment for Order #2595648854",,EUR,€64.99,--,€64.99,--
"11. September 2022",Fee,"Transaction fee: Quiet Book One day on a farm - 8 pages/ ...","Order #2595648854",EUR,--,-€4.22,-€4.22,--
"11. September 2022",Fee,"Processing fee","Order #2595648854",EUR,--,-€2.90,-€2.90,--
"11. September 2022",Fee,"Gutschrift für Einstellgebühr","Etsy Plus-Guthaben für Einstellgebühren",EUR,--,€0.20,€0.20,--
"11. September 2022",Fee,"Einstellgebühr (0,20 USD)","Artikel Nr. 1075450980",EUR,--,-€0.20,-€0.20,--
"11. September 2022",Marketing,"Gebühr für Verkauf über Offsite Ads",Bestellnr.2592380653,EUR,--,-€18.24,-€18.24,--
"11. September 2022",Fee,"Transaction fee: Quiet Book One day on a farm - 8 pages/ ...","Order #2592380653",EUR,--,-€3.90,-€3.90,--
"11. September 2022",Fee,"Transaction fee: Christmas tree and 24 ornaments made of ...","Order #2592380653",EUR,--,-€5.98,-€5.98,--
"11. September 2022",Fee,"Processing fee","Order #2592380653",EUR,--,-€6.38,-€6.38,--
"11. September 2022",Sale,"Payment for Order #2592380653",,EUR,€151.97,--,€151.97,--
"11. September 2022",Fee,"Gutschrift für Einstellgebühr","Etsy Plus-Guthaben für Einstellgebühren",EUR,--,€0.20,€0.20,--
"11. September 2022",Fee,"Gutschrift für Einstellgebühr","Etsy Plus-Guthaben für Einstellgebühren",EUR,--,€0.20,€0.20,--
"11. September 2022",Fee,"Einstellgebühr (0,20 USD)","Artikel Nr. 1110408313",EUR,--,-€0.20,-€0.20,--
"11. September 2022",Fee,"Einstellgebühr (0,20 USD)","Artikel Nr. 1075450980",EUR,--,-€0.20,-€0.20,--
"11. September 2022",Fee,"Einstellgebühr (0,20 USD)","Artikel Nr. 1110408313",EUR,--,-€0.20,-€0.20,--
"11. September 2022",Marketing,"Etsy Ads","Bill for click-throughs to your shop on Sep 10, 2022",EUR,--,-€9.85,-€9.85,--
"10. September 2022",Marketing,"Gebühr für Verkauf über Offsite Ads",Bestellnr.2594607294,EUR,--,-€5.52,-€5.52,--
"10. September 2022",Fee,"Transaction fee: Christmas tree and 24 ornaments made of ...","Order #2594607294",EUR,--,-€2.99,-€2.99,--
"10. September 2022",Fee,"Processing fee","Order #2594607294",EUR,--,-€2.14,-€2.14,--
"10. September 2022",Sale,"Payment for Order #2594607294",,EUR,€45.99,--,€45.99,--
"10. September 2022",Fee,"Gutschrift für Einstellgebühr","Etsy Plus-Guthaben für Einstellgebühren",EUR,--,€0.20,€0.20,--
"10. September 2022",Fee,"Einstellgebühr (0,20 USD)","Artikel Nr. 1110408313",EUR,--,-€0.20,-€0.20,--
"10. September 2022",Fee,"Transaction fee: Quiet Book One day on a farm - 8 pages/ ...","Order #2594514120",EUR,--,-€4.22,-€4.22,--
"10. September 2022",Fee,"Transaction fee: Shipping","Order #2594514120",EUR,--,-€0.65,-€0.65,--
"10. September 2022",Fee,"Processing fee","Order #2594514120",EUR,--,-€3.30,-€3.30,--
"10. September 2022",Sale,"Payment for Order #2594514120",,EUR,€74.98,--,€74.98,--
"10. September 2022",Fee,"Gutschrift für Einstellgebühr","Etsy Plus-Guthaben für Einstellgebühren",EUR,--,€0.20,€0.20,--
"10. September 2022",Fee,"Einstellgebühr (0,20 USD)","Artikel Nr. 1075450980",EUR,--,-€0.20,-€0.20,--
"10. September 2022",Fee,"Transaction fee: Shipping","Order #2594510242",EUR,--,-€0.65,-€0.65,--
"10. September 2022",Fee,"Transaction fee: Quiet Book Forest Animals - 6 pages/ Mon...","Order #2594510242",EUR,--,-€3.70,-€3.70,--
"10. September 2022",Fee,"Processing fee","Order #2594510242",EUR,--,-€2.98,-€2.98,--
"10. September 2022",Sale,"Payment for Order #2594510242",,EUR,€66.98,--,€66.98,--
"10. September 2022",Fee,"Gutschrift für Einstellgebühr","Etsy Plus-Guthaben für Einstellgebühren",EUR,--,€0.20,€0.20,--
"10. September 2022",Fee,"Einstellgebühr (0,20 USD)","Artikel Nr. 1281114944",EUR,--,-€0.20,-€0.20,--
"10. September 2022",Marketing,"Etsy Ads","Bill for click-throughs to your shop on Sep 9, 2022",EUR,--,-€9.85,-€9.85,--
"09. September 2022",Fee,"Processing fee","Order #2590726933",EUR,--,-€2.14,-€2.14,--
"09. September 2022",Sale,"Payment for Order #2590726933",,EUR,€45.99,--,€45.99,--
"09. September 2022",Fee,"Transaction fee: Personalized Quiet Book Ocean life/ 6 pa...","Order #2590726933",EUR,--,-€2.99,-€2.99,--
"09. September 2022",Fee,"Gutschrift für Einstellgebühr","Etsy Plus-Guthaben für Einstellgebühren",EUR,--,€0.20,€0.20,--
"09. September 2022",Fee,"Einstellgebühr (0,20 USD)","Artikel Nr. 1255075997",EUR,--,-€0.20,-€0.20,--
"09. September 2022",Marketing,"Etsy Ads","Bill for click-throughs to your shop on Sep 8, 2022",EUR,--,-€9.93,-€9.93,--
"08. September 2022",Fee,"Transaction fee: Quiet Book One day on a farm - 8 pages/ ...","Order #2589714585",EUR,--,-€4.22,-€4.22,--
"08. September 2022",Fee,"Processing fee","Order #2589714585",EUR,--,-€2.90,-€2.90,--
"08. September 2022",Sale,"Payment for Order #2589714585",,EUR,€64.99,--,€64.99,--
"08. September 2022",Fee,"Einstellgebühr (0,20 USD)","Artikel Nr. 1075450980",EUR,--,€0.00,€0.00,--
"08. September 2022",Marketing,"Gebühr für Verkauf über Offsite Ads",Bestellnr.2589260335,EUR,--,-€7.80,-€7.80,--
"08. September 2022",Fee,"Transaction fee: Quiet Book One day on a farm - 8 pages/ ...","Order #2589260335",EUR,--,-€4.22,-€4.22,--
"08. September 2022",Fee,"Processing fee","Order #2589260335",EUR,--,-€2.90,-€2.90,--
"08. September 2022",Sale,"Payment for Order #2589260335",,EUR,€64.99,--,€64.99,--
"08. September 2022",Fee,"Einstellgebühr (0,20 USD)","Artikel Nr. 1075450980",EUR,--,€0.00,€0.00,--
"08. September 2022",Marketing,"Etsy Ads","Bill for click-throughs to your shop on Sep 7, 2022",EUR,--,-€10.01,-€10.01,--
"07. September 2022",Sale,"Payment for Order #2591980548",,EUR,€49.99,--,€49.99,--
"07. September 2022",Fee,"Transaction fee: Quiet Book Hungry Caterpillar - Montesso...","Order #2591980548",EUR,--,-€3.25,-€3.25,--
"07. September 2022",Fee,"Processing fee","Order #2591980548",EUR,--,-€2.30,-€2.30,--
"07. September 2022",Fee,"Einstellgebühr (0,20 USD)","Artikel Nr. 1165785482",EUR,--,€0.00,€0.00,--
"07. September 2022",Fee,"Transaction fee: Quiet Book Hungry Caterpillar - Montesso...","Order #2591952322",EUR,--,-€1.43,-€1.43,--
"07. September 2022",Fee,"Processing fee","Order #2591952322",EUR,--,-€1.18,-€1.18,--
"07. September 2022",Sale,"Payment for Order #2591952322",,EUR,€21.99,--,€21.99,--
"07. September 2022",Fee,"Einstellgebühr (0,20 USD)","Artikel Nr. 1212293431",EUR,--,€0.00,€0.00,--
"07. September 2022",Fee,"Transaction fee: Shipping","Order #2588292669",EUR,--,-€1.17,-€1.17,--
"07. September 2022",Fee,"Transaction fee: Quiet Book One day on a farm - 8 pages/ ...","Order #2588292669",EUR,--,-€4.22,-€4.22,--
"07. September 2022",Fee,"Processing fee","Order #2588292669",EUR,--,-€5.74,-€5.74,--
"07. September 2022",Fee,"Transaction fee: Personalized Quiet Book Ocean life/ 6 pa...","Order #2588292669",EUR,--,-€3.44,-€3.44,--
"07. September 2022",Sale,"Payment for Order #2588292669",,EUR,€135.98,--,€135.98,--
"07. September 2022",Fee,"Einstellgebühr (0,20 USD)","Artikel Nr. 1075450980",EUR,--,€0.00,€0.00,--
"07. September 2022",Fee,"Einstellgebühr (0,20 USD)","Artikel Nr. 1255075997",EUR,--,€0.00,€0.00,--
"07. September 2022",Fee,"Transaction fee: Quiet Book Hungry Caterpillar - Montesso...","Order #2588208913",EUR,--,-€2.86,-€2.86,--
"07. September 2022",Fee,"Processing fee","Order #2588208913",EUR,--,-€2.06,-€2.06,--
"07. September 2022",Sale,"Payment for Order #2588208913",,EUR,€43.99,--,€43.99,--
"07. September 2022",Marketing,"Gebühr für Verkauf über Offsite Ads",Bestellnr.2588208913,EUR,--,-€5.28,-€5.28,--
"07. September 2022",Fee,"Einstellgebühr (0,20 USD)","Artikel Nr. 1165785482",EUR,--,€0.00,€0.00,--
"07. September 2022",Marketing,"Etsy Ads","Bill for click-throughs to your shop on Sep 6, 2022",EUR,--,-€10.11,-€10.11,--
"06. September 2022",Fee,"Transaction fee: Quiet Book Hungry Caterpillar - Montesso...","Order #2587367961",EUR,--,-€2.86,-€2.86,--
"06. September 2022",Fee,"Processing fee","Order #2587367961",EUR,--,-€2.06,-€2.06,--
"06. September 2022",Sale,"Payment for Order #2587367961",,EUR,€43.99,--,€43.99,--
"06. September 2022",Fee,"Einstellgebühr (0,20 USD)","Artikel Nr. 1165785482",EUR,--,€0.00,€0.00,--
"06. September 2022",Fee,"Credit for transaction fee on Quiet Book One day on a farm - 8 pages/ ...","Order #2498609233",EUR,--,€4.03,€4.03,--
"06. September 2022",Fee,"Credit for processing fee","Order #2498609233",EUR,--,€2.48,€2.48,--
"06. September 2022",Refund,"Partial refund to buyer for Order #2498609233",,EUR,-€61.99,--,-€61.99,--
"06. September 2022",Fee,"Credit for transaction fee on Personalized Quiet Book Ocean life/ 6 pa...","Order #2588248248",EUR,--,€0.91,€0.91,--
"06. September 2022",Fee,"Credit for processing fee","Order #2588248248",EUR,--,€0.56,€0.56,--
"06. September 2022",Refund,"Partial refund to buyer for Order #2588248248",,EUR,-€14.00,--,-€14.00,--
"06. September 2022",Fee,"Transaction fee: Christmas tree and 24 ornaments made of ...","Order #2590442694",EUR,--,-€2.99,-€2.99,--
"06. September 2022",Sale,"Payment for Order #2590442694",,EUR,€45.99,--,€45.99,--
"06. September 2022",Fee,"Processing fee","Order #2590442694",EUR,--,-€2.14,-€2.14,--
"06. September 2022",Fee,"Einstellgebühr (0,20 USD)","Artikel Nr. 1110408313",EUR,--,€0.00,€0.00,--
"06. September 2022",Fee,"Transaction fee: Quiet Book One day on a farm - 8 pages/ ...","Order #2587177537",EUR,--,-€3.77,-€3.77,--
"06. September 2022",Fee,"Processing fee","Order #2587177537",EUR,--,-€2.62,-€2.62,--
"06. September 2022",Marketing,"Gebühr für Verkauf über Offsite Ads",Bestellnr.2587177537,EUR,--,-€6.96,-€6.96,--
"06. September 2022",Sale,"Payment for Order #2587177537",,EUR,€57.99,--,€57.99,--
"06. September 2022",Fee,"Einstellgebühr (0,20 USD)","Artikel Nr. 1075450980",EUR,--,€0.00,€0.00,--
"06. September 2022",Marketing,"Etsy Ads","Bill for click-throughs to your shop on Sep 5, 2022",EUR,--,-€10.05,-€10.05,--
"05. September 2022",Sale,"Payment for Order #2589776906",,EUR,€49.99,--,€49.99,--
"05. September 2022",Fee,"Transaction fee: Personalized Quiet Book Dream Job suitab...","Order #2589776906",EUR,--,-€3.25,-€3.25,--
"05. September 2022",Fee,"Processing fee","Order #2589776906",EUR,--,-€2.30,-€2.30,--
"05. September 2022",Fee,"Einstellgebühr (0,20 USD)","Artikel Nr. 1131382499",EUR,--,€0.00,€0.00,--
"05. September 2022",Fee,"Transaction fee: Quiet Book One day on a farm - 8 pages/ ...","Order #2586440451",EUR,--,-€3.90,-€3.90,--
"05. September 2022",Fee,"Transaction fee: Christmas tree and 24 ornaments made of ...","Order #2586440451",EUR,--,-€2.99,-€2.99,--
"05. September 2022",Fee,"Processing fee","Order #2586440451",EUR,--,-€4.54,-€4.54,--
"05. September 2022",Sale,"Payment for Order #2586440451",,EUR,€105.98,--,€105.98,--
"05. September 2022",Fee,"Einstellgebühr (0,20 USD)","Artikel Nr. 1075450980",EUR,--,€0.00,€0.00,--
"05. September 2022",Fee,"Einstellgebühr (0,20 USD)","Artikel Nr. 1110408313",EUR,--,€0.00,€0.00,--
"05. September 2022",Fee,"Transaction fee: Quiet Book Hungry Caterpillar - Montesso...","Order #2586431535",EUR,--,-€2.86,-€2.86,--
"05. September 2022",Fee,"Processing fee","Order #2586431535",EUR,--,-€2.06,-€2.06,--
"05. September 2022",Sale,"Payment for Order #2586431535",,EUR,€43.99,--,€43.99,--
"05. September 2022",Fee,"Einstellgebühr (0,20 USD)","Artikel Nr. 1165785482",EUR,--,€0.00,€0.00,--
"05. September 2022",Fee,"Transaction fee: Quiet Book Hungry Caterpillar - Montesso...","Order #2589291880",EUR,--,-€3.25,-€3.25,--
"05. September 2022",Fee,"Processing fee","Order #2589291880",EUR,--,-€2.30,-€2.30,--
"05. September 2022",Sale,"Payment for Order #2589291880",,EUR,€49.99,--,€49.99,--
"05. September 2022",Fee,"Einstellgebühr (0,20 USD)","Artikel Nr. 1165785482",EUR,--,€0.00,€0.00,--
"05. September 2022",Überweisung,"€1,049.75 an dein Bankkonto überwiesen",,EUR,--,--,--,--
"05. September 2022",Fee,"Transaction fee: Quiet Book One day on a farm - 8 pages/ ...","Order #2585938743",EUR,--,-€3.90,-€3.90,--
"05. September 2022",Fee,"Processing fee","Order #2585938743",EUR,--,-€2.70,-€2.70,--
"05. September 2022",Sale,"Payment for Order #2585938743",,EUR,€59.99,--,€59.99,--
"05. September 2022",Fee,"Einstellgebühr (0,20 USD)","Artikel Nr. 1075450980",EUR,--,€0.00,€0.00,--
"05. September 2022",Fee,"Transaction fee: Quiet Book Hungry Caterpillar - Montesso...","Order #2589196548",EUR,--,-€2.86,-€2.86,--
"05. September 2022",Fee,"Transaction fee: Personalized Quiet Book Ocean life/ 6 pa...","Order #2589196548",EUR,--,-€2.99,-€2.99,--
"05. September 2022",Fee,"Processing fee","Order #2589196548",EUR,--,-€3.90,-€3.90,--
"05. September 2022",Sale,"Payment for Order #2589196548",,EUR,€89.98,--,€89.98,--
"05. September 2022",Fee,"Einstellgebühr (0,20 USD)","Artikel Nr. 1255075997",EUR,--,€0.00,€0.00,--
"05. September 2022",Fee,"Einstellgebühr (0,20 USD)","Artikel Nr. 1165785482",EUR,--,€0.00,€0.00,--
"05. September 2022",Marketing,"Etsy Ads","Bill for click-throughs to your shop on Sep 4, 2022",EUR,--,-€10.10,-€10.10,--
"04. September 2022",Fee,"Transaction fee: Personalized Quiet Book Ocean life/ 6 pa...","Order #2588248248",EUR,--,-€2.99,-€2.99,--
"04. September 2022",Fee,"Processing fee","Order #2588248248",EUR,--,-€2.14,-€2.14,--
"04. September 2022",Sale,"Payment for Order #2588248248",,EUR,€45.99,--,€45.99,--
"04. September 2022",Fee,"Einstellgebühr (0,20 USD)","Artikel Nr. 1255075997",EUR,--,€0.00,€0.00,--
"04. September 2022",Fee,"Transaction fee: Quiet Book One day on a farm - 8 pages/ ...","Order #2584864757",EUR,--,-€3.77,-€3.77,--
"04. September 2022",Fee,"Processing fee","Order #2584864757",EUR,--,-€2.62,-€2.62,--
"04. September 2022",Sale,"Payment for Order #2584864757",,EUR,€57.99,--,€57.99,--
"04. September 2022",Fee,"Einstellgebühr (0,20 USD)","Artikel Nr. 1075450980",EUR,--,€0.00,€0.00,--
"04. September 2022",Marketing,"Etsy Ads","Bill for click-throughs to your shop on Sep 3, 2022",EUR,--,-€10.05,-€10.05,--
"04. September 2022",Fee,"Processing fee","Order #2584709759",EUR,--,-€2.30,-€2.30,--
"04. September 2022",Sale,"Payment for Order #2584709759",,EUR,€49.99,--,€49.99,--
"04. September 2022",Fee,"Transaction fee: Personalized Quiet Book Dream Job suitab...","Order #2584709759",EUR,--,-€3.25,-€3.25,--
"04. September 2022",Fee,"Einstellgebühr (0,20 USD)","Artikel Nr. 1131382499",EUR,--,€0.00,€0.00,--
"03. September 2022",Marketing,"Etsy Ads","Bill for click-throughs to your shop on Sep 2, 2022",EUR,--,-€10.05,-€10.05,--
"02. September 2022",Sale,"Payment for Order #2583167199",,EUR,€45.99,--,€45.99,--
"02. September 2022",Fee,"Transaction fee: Personalized Quiet Book Ocean life/ 6 pa...","Order #2583167199",EUR,--,-€2.99,-€2.99,--
"02. September 2022",Fee,"Processing fee","Order #2583167199",EUR,--,-€2.14,-€2.14,--
"02. September 2022",Fee,"Einstellgebühr (0,20 USD)","Artikel Nr. 1255075997",EUR,--,€0.00,€0.00,--
"02. September 2022",Fee,"Processing fee","Order #2586559600",EUR,--,-€3.46,-€3.46,--
"02. September 2022",Fee,"Transaction fee: Shipping","Order #2586559600",EUR,--,-€0.91,-€0.91,--
"02. September 2022",Fee,"Transaction fee: Quiet Book One day on a farm - 8 pages/ ...","Order #2586559600",EUR,--,-€4.22,-€4.22,--
"02. September 2022",Sale,"Payment for Order #2586559600",,EUR,€78.99,--,€78.99,--
"02. September 2022",Fee,"Einstellgebühr (0,20 USD)","Artikel Nr. 1075450980",EUR,--,€0.00,€0.00,--
"02. September 2022",Fee,"Transaction fee: Quiet Book Hungry Caterpillar - Montesso...","Order #2582963037",EUR,--,-€3.25,-€3.25,--
"02. September 2022",Fee,"Processing fee","Order #2582963037",EUR,--,-€2.30,-€2.30,--
"02. September 2022",Sale,"Payment for Order #2582963037",,EUR,€49.99,--,€49.99,--
"02. September 2022",Marketing,"Gebühr für Verkauf über Offsite Ads",Bestellnr.2582963037,EUR,--,-€6.00,-€6.00,--
"02. September 2022",Fee,"Einstellgebühr (0,20 USD)","Artikel Nr. 1165785482",EUR,--,€0.00,€0.00,--
"02. September 2022",Fee,"Transaction fee: Quiet Book Hungry Caterpillar - Montesso...","Order #2586374802",EUR,--,-€3.25,-€3.25,--
"02. September 2022",Fee,"Processing fee","Order #2586374802",EUR,--,-€2.30,-€2.30,--
"02. September 2022",Sale,"Payment for Order #2586374802",,EUR,€49.99,--,€49.99,--
"02. September 2022",Fee,"Einstellgebühr (0,20 USD)","Artikel Nr. 1165785482",EUR,--,€0.00,€0.00,--
"02. September 2022",Marketing,"Etsy Ads","Bill for click-throughs to your shop on Sep 1, 2022",EUR,--,-€10.03,-€10.03,--
"01. September 2022",Fee,"Transaction fee: Quiet Book Hungry Caterpillar - Montesso...","Order #2585659322",EUR,--,-€1.43,-€1.43,--
"01. September 2022",Sale,"Payment for Order #2585659322",,EUR,€21.99,--,€21.99,--
"01. September 2022",Fee,"Processing fee","Order #2585659322",EUR,--,-€1.18,-€1.18,--
"01. September 2022",Fee,"Einstellgebühr (0,20 USD)","Artikel Nr. 1212293431",EUR,--,€0.00,€0.00,--
"01. September 2022",Fee,"Einstellgebühr (0,20 USD)","Artikel Nr. 1165785482",EUR,--,€0.00,€0.00,--
"01. September 2022",Fee,"Transaction fee: Quiet Book One day on a farm - 8 pages/ ...","Order #2585506622",EUR,--,-€4.22,-€4.22,--
"01. September 2022",Fee,"Processing fee","Order #2585506622",EUR,--,-€2.90,-€2.90,--
"01. September 2022",Sale,"Payment for Order #2585506622",,EUR,€64.99,--,€64.99,--
"01. September 2022",Fee,"Einstellgebühr (0,20 USD)","Artikel Nr. 1075450980",EUR,--,€0.00,€0.00,--
"01. September 2022",Fee,"Transaction fee: Quiet Book One day on a farm - 8 pages/ ...","Order #2585505656",EUR,--,-€4.22,-€4.22,--
"01. September 2022",Fee,"Processing fee","Order #2585505656",EUR,--,-€2.90,-€2.90,--
"01. September 2022",Sale,"Payment for Order #2585505656",,EUR,€64.99,--,€64.99,--
"01. September 2022",Fee,"Einstellgebühr (0,20 USD)","Artikel Nr. 1075450980",EUR,--,€0.00,€0.00,--
"01. September 2022",Marketing,"Gebühr für Verkauf über Offsite Ads",Bestellnr.2585434544,EUR,--,-€7.80,-€7.80,--
"01. September 2022",Fee,"Transaction fee: Quiet Book One day on a farm - 8 pages/ ...","Order #2585434544",EUR,--,-€4.22,-€4.22,--
"01. September 2022",Fee,"Processing fee","Order #2585434544",EUR,--,-€2.90,-€2.90,--
"01. September 2022",Sale,"Payment for Order #2585434544",,EUR,€64.99,--,€64.99,--
"01. September 2022",Fee,"Einstellgebühr (0,20 USD)","Artikel Nr. 1075450980",EUR,--,€0.00,€0.00,--
"01. September 2022",Fee,"Transaction fee: Personalized Quiet Book Dream Job suitab...","Order #2581740503",EUR,--,-€3.70,-€3.70,--
"01. September 2022",Sale,"Payment for Order #2581740503",,EUR,€56.99,--,€56.99,--
"01. September 2022",Fee,"Processing fee","Order #2581740503",EUR,--,-€2.58,-€2.58,--
"01. September 2022",Fee,"Einstellgebühr (0,20 USD)","Artikel Nr. 1131382499",EUR,--,€0.00,€0.00,--
"01. September 2022",Fee,"Processing fee","Order #2581514901",EUR,--,-€2.62,-€2.62,--
"01. September 2022",Fee,"Transaction fee: Quiet Book One day on a farm - 8 pages/ ...","Order #2581514901",EUR,--,-€3.77,-€3.77,--
"01. September 2022",Sale,"Payment for Order #2581514901",,EUR,€57.99,--,€57.99,--
"01. September 2022",Fee,"Einstellgebühr (0,20 USD)","Artikel Nr. 1075450980",EUR,--,€0.00,€0.00,--
"01. September 2022",Marketing,"Etsy Ads","Bill for click-throughs to your shop on Aug 31, 2022",EUR,--,-€9.99,-€9.99,--
